workers,corrida,tiempo_segundos
15,1,97.7799
15,2,97.2517
15,3,96.4491
15,4,96.7997
15,5,97.1357
15,6,96.9118
15,7,97.8766
15,8,97.2101
15,9,97.2627
15,10,97.5843
15,11,97.3118
15,12,97.4218
15,13,97.5057
15,14,98.0109
15,15,97.1822
15,16,97.8955
15,17,97.4909
15,18,97.6716
15,19,97.2754
15,20,98.0288
15,21,97.6553
15,22,97.9846
15,23,97.3095
15,24,98.1385
15,25,97.2768
15,26,97.4968
15,27,97.6004
15,28,97.4559
15,29,97.1104
15,30,97.4031
15,31,97.4623
15,32,97.6967
15,33,97.2841
15,34,97.2241
15,35,96.5433
15,36,96.8718
15,37,96.6727
15,38,96.6451
15,39,96.3546
15,40,96.5485
15,41,97.3772
15,42,1879.7025
15,43,96.2477
15,44,98.4879
15,45,98.9737
15,46,98.7379
15,47,99.2603
15,48,98.9243
15,49,99.8456
15,50,99.7098
15,51,99.2236
15,52,98.4684
15,53,99.6223
15,54,99.2223
15,55,99.3176
15,56,99.0846
15,57,99.0578
15,58,98.1550
15,59,98.7203
15,60,97.6860
15,61,98.4973
15,62,98.9418
15,63,99.3913
15,64,99.4750
15,65,99.5197
15,66,98.9965
15,67,98.8634
15,68,98.9822
15,69,99.4923
15,70,98.8438
15,71,99.0101
15,72,99.1521
15,73,98.8702
15,74,99.5752
15,75,99.2375
15,76,98.8399
15,77,99.0480
15,78,99.6404
15,79,98.3496
15,80,99.5952
15,81,98.9288
15,82,98.3095
15,83,99.3224
15,84,99.0031
15,85,99.2441
15,86,99.6265
15,87,99.6014
15,88,98.8507
15,89,99.1177
15,90,99.4629
15,91,98.8956
15,92,98.8556
15,93,99.2235
15,94,97.8470
15,95,98.8696
15,96,99.3802
15,97,98.5755
15,98,98.7275
15,99,98.6498
15,100,98.7088
30,1,49.6521
30,2,50.1607
30,3,49.2836
30,4,49.6330
30,5,49.6207
30,6,49.4502
30,7,49.5265
30,8,49.8844
30,9,49.4588
30,10,49.0749
30,11,50.0781
30,12,49.0121
30,13,49.0630
30,14,49.4759
30,15,50.1983
30,16,49.2578
30,17,49.7702
30,18,49.5196
30,19,49.9638
30,20,49.2523
30,21,49.1882
30,22,49.9683
30,23,50.2879
30,24,49.1443
30,25,48.8721
30,26,49.6872
30,27,49.7061
30,28,49.3910
30,29,49.5955
30,30,49.6261
30,31,49.5255
30,32,48.9059
30,33,49.2105
30,34,50.0328
30,35,50.2296
30,36,49.4446
30,37,49.4901
30,38,49.9321
30,39,49.3970
30,40,49.3832
30,41,48.9830
30,42,49.3144
30,43,49.6629
30,44,50.0313
30,45,49.2646
30,46,49.6881
30,47,49.8686
30,48,49.2311
30,49,49.2825
30,50,49.3482
30,51,48.7654
30,52,49.1381
30,53,48.6648
30,54,49.4923
30,55,49.9733
30,56,49.0273
30,57,49.3758
30,58,49.5237
30,59,50.2362
30,60,49.0175
30,61,48.4692
30,62,49.5304
30,63,72.0181
30,64,49.1996
30,65,48.0914
30,66,47.8655
30,67,47.7480
30,68,48.1602
30,69,47.8498
30,70,49.4925
30,71,50.2885
30,72,47.8144
30,73,46.4677
30,74,46.9110
30,75,47.1796
30,76,46.1126
30,77,49.2915
30,78,48.9943
30,79,48.0845
30,80,47.8533
30,81,47.7852
30,82,48.1017
30,83,48.1091
30,84,48.0466
30,85,47.7694
30,86,47.9275
30,87,47.9069
30,88,47.9418
30,89,47.9147
30,90,47.7591
30,91,47.9168
30,92,49.7904
30,93,48.6528
30,94,47.2338
30,95,49.1233
30,96,49.3098
30,97,50.7579
30,98,50.9637
30,99,50.7526
30,100,50.7335
45,1,34.4070
45,2,33.8804
45,3,34.1297
45,4,33.4322
45,5,33.7833
45,6,33.8151
45,7,34.0160
45,8,34.1363
45,9,34.1975
45,10,32.9643
45,11,34.1566
45,12,33.9769
45,13,33.8373
45,14,34.1094
45,15,34.1823
45,16,34.0480
45,17,34.1425
45,18,34.1915
45,19,34.1470
45,20,33.3843
45,21,32.9963
45,22,33.1080
45,23,34.4057
45,24,34.9759
45,25,32.6809
45,26,32.6570
45,27,33.2093
45,28,33.2432
45,29,32.9341
45,30,32.3701
45,31,32.1863
45,32,32.1121
45,33,33.0340
45,34,32.5554
45,35,34.0204
45,36,33.0631
45,37,32.7106
45,38,31.1641
45,39,32.6726
45,40,32.3131
45,41,32.8240
45,42,32.3543
45,43,32.8982
45,44,32.3520
45,45,32.4151
45,46,32.4474
45,47,31.2427
45,48,32.2309
45,49,32.7417
45,50,32.5486
45,51,32.7438
45,52,32.2163
45,53,32.5073
45,54,32.4533
45,55,32.8619
45,56,31.6127
45,57,33.1564
45,58,32.3427
45,59,32.4038
45,60,32.0152
45,61,32.9634
45,62,31.9268
45,63,32.5941
45,64,31.9216
45,65,32.8111
45,66,32.1503
45,67,32.3982
45,68,32.3093
45,69,32.5729
45,70,32.2828
45,71,32.3971
45,72,33.0751
45,73,32.7142
45,74,32.7883
45,75,32.4549
45,76,32.3349
45,77,32.4785
45,78,32.6564
45,79,32.4891
45,80,32.0052
45,81,32.1692
45,82,32.4310
45,83,32.5196
45,84,32.4194
45,85,32.4874
45,86,32.7674
45,87,32.0523
45,88,32.3136
45,89,32.0531
45,90,32.6320
45,91,32.4843
45,92,33.5500
45,93,31.4774
45,94,31.9271
45,95,31.7927
45,96,31.5802
45,97,33.4303
45,98,31.7737
45,99,32.0611
45,100,34.4740
60,1,23.4620
60,2,25.7952
60,3,23.3353
60,4,23.6107
60,5,23.7502
60,6,23.0878
60,7,23.0755
60,8,23.3959
60,9,25.0916
60,10,23.0843
60,11,25.5081
60,12,23.5565
60,13,23.3504
60,14,23.2804
60,15,25.1029
60,16,23.4542
60,17,23.3352
60,18,23.5219
60,19,23.4186
60,20,23.3344
60,21,25.2303
60,22,23.6980
60,23,25.3496
60,24,23.5234
60,25,23.2718
60,26,25.6274
60,27,23.4695
60,28,23.5412
60,29,23.4344
60,30,23.6386
60,31,23.1529
60,32,23.2353
60,33,25.5148
60,34,25.6385
60,35,23.4941
60,36,23.5321
60,37,25.4498
60,38,23.3629
60,39,25.2225
60,40,23.4019
60,41,23.6169
60,42,23.6261
60,43,23.0771
60,44,23.3736
60,45,25.5088
60,46,23.6067
60,47,25.0762
60,48,23.3648
60,49,23.1592
60,50,23.1250
60,51,23.2333
60,52,23.6437
60,53,23.3142
60,54,23.3047
60,55,24.0269
60,56,23.2961
60,57,25.1017
60,58,23.2930
60,59,25.0781
60,60,23.4991
60,61,23.4186
60,62,25.2347
60,63,25.8776
60,64,23.4737
60,65,23.3745
60,66,25.4052
60,67,23.7332
60,68,25.5977
60,69,23.2653
60,70,23.4721
60,71,23.3568
60,72,23.2631
60,73,23.3218
60,74,23.6930
60,75,22.9551
60,76,25.3540
60,77,23.3994
60,78,23.1221
60,79,25.1930
60,80,24.5906
60,81,23.8561
60,82,25.8370
60,83,23.1825
60,84,23.2500
60,85,23.4307
60,86,23.5214
60,87,23.1384
60,88,25.5240
60,89,23.3967
60,90,22.8836
60,91,23.3925
60,92,25.1225
60,93,23.7827
60,94,23.3413
60,95,24.7423
60,96,25.4887
60,97,23.2028
60,98,25.1079
60,99,23.2839
60,100,23.6303
75,1,19.8989
75,2,18.6711
75,3,18.5491
75,4,18.3516
75,5,18.4114
75,6,18.3926
75,7,18.6521
75,8,18.4035
75,9,18.6371
75,10,18.2969
75,11,18.4631
75,12,18.6483
75,13,18.4158
75,14,18.5353
75,15,18.4418
75,16,18.5646
75,17,18.4320
75,18,18.3941
75,19,18.8266
75,20,18.8828
75,21,20.0977
75,22,18.4905
75,23,20.4610
75,24,18.6438
75,25,19.8456
75,26,19.5417
75,27,20.1721
75,28,18.8185
75,29,18.6063
75,30,20.7322
75,31,18.3828
75,32,18.7135
75,33,18.6880
75,34,18.4978
75,35,20.2813
75,36,18.3637
75,37,18.5170
75,38,18.0882
75,39,18.4393
75,40,18.5852
75,41,18.4245
75,42,20.2937
75,43,18.5248
75,44,18.6667
75,45,20.0617
75,46,18.4650
75,47,20.6817
75,48,18.4497
75,49,20.4550
75,50,18.6875
75,51,18.6557
75,52,18.4694
75,53,18.4756
75,54,19.0220
75,55,19.8965
75,56,18.7051
75,57,18.3342
75,58,18.4966
75,59,18.3553
75,60,18.5204
75,61,18.5525
75,62,18.5114
75,63,19.2109
75,64,18.5658
75,65,18.5358
75,66,18.5732
75,67,18.3915
75,68,18.5374
75,69,18.3946
75,70,18.7056
75,71,18.5439
75,72,18.4767
75,73,18.5941
75,74,18.5314
75,75,18.6866
75,76,20.0696
75,77,18.5965
75,78,18.5524
75,79,18.7153
75,80,19.8883
75,81,19.8475
75,82,18.4175
75,83,18.6893
75,84,18.4551
75,85,18.2684
75,86,18.6813
75,87,18.4927
75,88,18.2726
75,89,18.6853
75,90,18.6161
75,91,20.1100
75,92,18.4332
75,93,20.6118
75,94,18.5047
75,95,18.4519
75,96,18.4905
75,97,18.3242
75,98,18.5729
75,99,19.7972
75,100,18.7143
90,1,15.2737
90,2,16.5286
90,3,15.3070
90,4,15.1825
90,5,15.3478
90,6,15.4231
90,7,15.1896
90,8,15.3151
90,9,15.2686
90,10,16.9021
90,11,15.2498
90,12,15.3822
90,13,15.4242
90,14,15.3244
90,15,16.5319
90,16,15.3323
90,17,15.3757
90,18,15.2384
90,19,15.3386
90,20,16.8302
90,21,15.3982
90,22,15.1728
90,23,15.2861
90,24,16.4813
90,25,16.7922
90,26,15.1698
90,27,15.4018
90,28,15.2280
90,29,15.3681
90,30,15.1931
90,31,15.2413
90,32,15.1577
90,33,15.3586
90,34,16.5153
90,35,15.1121
90,36,16.3994
90,37,15.3552
90,38,15.3448
90,39,16.7516
90,40,16.7007
90,41,15.3581
90,42,15.4326
90,43,15.3782
90,44,15.2874
90,45,15.1794
90,46,16.8024
90,47,15.3978
90,48,16.9393
90,49,15.1795
90,50,17.1267
90,51,15.3921
90,52,16.8163
90,53,15.4251
90,54,15.3326
90,55,15.3354
90,56,15.1704
90,57,15.3287
90,58,16.7029
90,59,15.1326
90,60,15.1775
90,61,16.4057
90,62,15.0626
90,63,15.3125
90,64,15.2905
90,65,15.2254
90,66,16.5525
90,67,15.3890
90,68,15.2225
90,69,15.3375
90,70,15.2530
90,71,15.4635
90,72,15.3531
90,73,16.3273
90,74,15.2970
90,75,17.0509
90,76,15.3899
90,77,16.5193
90,78,16.5318
90,79,15.2678
90,80,15.3612
90,81,15.1732
90,82,15.3714
90,83,15.2710
90,84,15.3638
90,85,15.1835
90,86,15.4021
90,87,15.2417
90,88,16.7537
90,89,16.5977
90,90,16.5644
90,91,15.2343
90,92,15.3763
90,93,15.4502
90,94,15.2219
90,95,15.3501
90,96,15.2874
90,97,15.2711
90,98,15.1749
90,99,15.6983
90,100,15.1612
105,1,13.1610
105,2,13.4165
105,3,13.0616
105,4,14.0563
105,5,13.1907
105,6,13.0883
105,7,12.9565
105,8,13.0439
105,9,13.0220
105,10,13.2439
105,11,13.4441
105,12,13.4230
105,13,13.6598
105,14,13.2519
105,15,13.4469
105,16,13.3464
105,17,13.2349
105,18,13.5422
105,19,13.2152
105,20,13.3687
105,21,13.4400
105,22,13.4156
105,23,13.3669
105,24,13.3102
105,25,13.6746
105,26,13.5975
105,27,13.4437
105,28,14.5552
105,29,14.0023
105,30,14.2157
105,31,13.9989
105,32,14.1933
105,33,13.9538
105,34,13.4118
105,35,13.7701
105,36,14.0563
105,37,14.1294
105,38,13.9537
105,39,14.0934
105,40,14.2671
105,41,13.9741
105,42,14.3248
105,43,14.2256
105,44,14.2459
105,45,14.3358
105,46,13.9475
105,47,14.3155
105,48,14.1206
105,49,14.2270
105,50,14.1883
105,51,14.2907
105,52,14.2035
105,53,14.0586
105,54,14.2362
105,55,13.9334
105,56,14.1999
105,57,14.0878
105,58,14.2805
105,59,14.2807
105,60,14.0642
105,61,14.2198
105,62,14.0476
105,63,14.3325
105,64,14.1574
105,65,14.2556
105,66,14.1468
105,67,14.0951
105,68,14.2997
105,69,13.9433
105,70,14.1480
105,71,13.8447
105,72,14.2429
105,73,14.1913
105,74,14.3343
105,75,14.0590
105,76,13.9066
105,77,14.1784
105,78,14.0177
105,79,14.1941
105,80,14.0657
105,81,14.2177
105,82,14.1318
105,83,14.0132
105,84,14.1965
105,85,13.9458
105,86,14.1606
105,87,14.2011
105,88,13.8128
105,89,14.0811
105,90,13.8414
105,91,13.7970
105,92,13.8898
105,93,13.8748
105,94,13.7654
105,95,13.8280
105,96,13.8646
105,97,13.8451
105,98,13.5160
105,99,13.0987
105,100,13.0889
120,1,11.7770
120,2,10.9060
120,3,11.6501
120,4,11.9614
120,5,12.0015
120,6,11.9903
120,7,11.9537
120,8,12.0657
120,9,12.0224
120,10,12.0748
120,11,11.9111
120,12,12.0203
120,13,12.1537
120,14,11.9115
120,15,12.1860
120,16,11.9509
120,17,12.1647
120,18,12.1408
120,19,12.0861
120,20,11.5948
120,21,12.1735
120,22,12.3551
120,23,12.1666
120,24,12.0743
120,25,12.2190
120,26,12.4879
120,27,11.5905
120,28,11.5257
120,29,11.9115
120,30,11.9166
120,31,11.0458
120,32,11.6375
120,33,12.1535
120,34,12.3769
120,35,12.3276
120,36,12.3541
120,37,12.3600
120,38,12.1627
120,39,12.3707
120,40,12.4117
120,41,12.3751
120,42,12.2482
120,43,11.9301
120,44,12.4144
120,45,12.5026
120,46,12.1468
120,47,12.2308
120,48,12.2753
120,49,12.2808
120,50,12.2772
120,51,12.2695
120,52,12.1692
120,53,11.5406
120,54,11.9743
120,55,12.2425
120,56,12.2634
120,57,12.0830
120,58,12.3974
120,59,12.1775
120,60,12.2650
120,61,12.2778
120,62,12.2545
120,63,12.2612
120,64,12.3984
120,65,12.1729
120,66,12.4042
120,67,12.4748
120,68,12.1172
120,69,12.4856
120,70,12.1189
120,71,12.2399
120,72,12.2718
120,73,12.2483
120,74,12.3316
120,75,12.3186
120,76,12.2814
120,77,12.4786
120,78,12.3582
120,79,12.2208
120,80,12.2680
120,81,12.1220
120,82,12.3411
120,83,12.4807
120,84,12.1300
120,85,12.1957
120,86,12.1327
120,87,12.3467
120,88,12.3215
120,89,12.1880
120,90,12.3430
120,91,12.2929
120,92,12.2605
120,93,12.3600
120,94,12.3290
120,95,12.2350
120,96,12.3066
120,97,12.1904
120,98,12.3411
120,99,12.4052
120,100,12.1657
135,1,10.8801
135,2,10.7525
135,3,10.6559
135,4,10.8862
135,5,10.8439
135,6,10.6442
135,7,10.8696
135,8,10.9405
135,9,10.6379
135,10,10.9641
135,11,10.8481
135,12,10.7359
135,13,10.9460
135,14,10.8223
135,15,10.6628
135,16,10.6950
135,17,10.7606
135,18,10.6721
135,19,10.8297
135,20,10.7984
135,21,10.8085
135,22,10.7012
135,23,10.7545
135,24,10.7039
135,25,10.6835
135,26,10.9837
135,27,10.7497
135,28,10.9412
135,29,10.7290
135,30,10.7517
135,31,10.6435
135,32,10.8602
135,33,10.6068
135,34,10.7072
135,35,10.8280
135,36,10.9167
135,37,10.5860
135,38,10.9128
135,39,10.6695
135,40,10.8582
135,41,10.8649
135,42,10.8589
135,43,10.6667
135,44,10.7766
135,45,10.7069
135,46,10.7656
135,47,10.9026
135,48,10.8435
135,49,10.7149
135,50,10.9372
135,51,10.8083
135,52,10.9206
135,53,10.8621
135,54,10.9020
135,55,10.6525
135,56,10.9150
135,57,10.8391
135,58,10.7265
135,59,10.8753
135,60,10.7130
135,61,10.7538
135,62,10.4006
135,63,10.8897
135,64,10.8322
135,65,10.7957
135,66,10.7471
135,67,10.7234
135,68,10.7270
135,69,10.8259
135,70,10.5852
135,71,10.8070
135,72,10.7686
135,73,10.7885
135,74,10.7115
135,75,10.7602
135,76,10.6973
135,77,10.8397
135,78,10.6470
135,79,10.7622
135,80,10.6480
135,81,10.8399
135,82,10.6353
135,83,10.7235
135,84,10.6921
135,85,10.7212
135,86,10.5675
135,87,10.7109
135,88,10.6017
135,89,10.6656
135,90,10.8049
135,91,10.7491
135,92,10.5718
135,93,10.8038
135,94,10.6781
135,95,10.5508
135,96,10.7231
135,97,10.7269
135,98,10.5549
135,99,10.6817
135,100,10.7067
150,1,9.4753
150,2,9.6827
150,3,9.5507
150,4,9.5730
150,5,9.4868
150,6,9.7050
150,7,9.5013
150,8,9.4061
150,9,9.6661
150,10,9.6093
150,11,9.6389
150,12,9.5839
150,13,9.5987
150,14,9.5337
150,15,9.5121
150,16,9.5867
150,17,9.5469
150,18,9.5563
150,19,9.6384
150,20,9.6911
150,21,9.5258
150,22,9.6786
150,23,9.7209
150,24,9.6784
150,25,9.5689
150,26,9.6396
150,27,9.6470
150,28,9.5050
150,29,9.7046
150,30,9.7616
150,31,9.6282
150,32,9.4545
150,33,9.6177
150,34,9.7286
150,35,9.5837
150,36,9.7151
150,37,9.6107
150,38,9.6503
150,39,9.4619
150,40,9.5659
150,41,9.5223
150,42,9.3494
150,43,9.5209
150,44,9.6570
150,45,9.5414
150,46,9.4816
150,47,9.5578
150,48,9.7038
150,49,9.4947
150,50,9.5320
150,51,9.5254
150,52,9.6166
150,53,9.3859
150,54,9.5376
150,55,9.5243
150,56,9.6609
150,57,9.7453
150,58,9.6774
150,59,9.5709
150,60,9.5036
150,61,9.7106
150,62,9.5717
150,63,9.5442
150,64,9.6339
150,65,9.5261
150,66,9.5944
150,67,9.3842
150,68,9.6122
150,69,9.4912
150,70,9.6248
150,71,9.5957
150,72,8.9071
150,73,8.9197
150,74,9.4025
150,75,9.7081
150,76,9.5857
150,77,9.6729
150,78,9.6737
150,79,9.6871
150,80,9.5968
150,81,9.5401
150,82,9.6825
150,83,9.5637
150,84,9.5944
150,85,9.8160
150,86,9.5080
150,87,9.5879
150,88,9.6572
150,89,9.7082
150,90,9.4421
150,91,9.7405
150,92,9.6553
150,93,9.7271
150,94,9.5146
150,95,9.6383
150,96,9.6521
150,97,9.4206
150,98,9.6456
150,99,9.6819
150,100,9.6477
